{
    "threshold": 0.055,
    "precision": 0.6469761673233868,
    "recall": 0.5685873921470982,
    "f1": 0.4335315225505808,
    "hits@1": 0.5362903225806451,
    "loss": 0.02379689474699387
}