{
    "threshold": 0.14,
    "precision": 0.7193001895566092,
    "recall": 0.5797942634901727,
    "f1": 0.47410708693365294,
    "hits@1": 0.5967741935483871,
    "loss": 0.02045001801771896
}