{
    "threshold": 0.063,
    "precision": 0.6579497572406963,
    "recall": 0.7304298376381692,
    "f1": 0.5710915231523349,
    "hits@1": 0.6935483870967742,
    "loss": 0.020072841815811805
}