{
    "threshold": 0.277,
    "precision": 0.7206180825935439,
    "recall": 0.6945585854990137,
    "f1": 0.5693818920516557,
    "hits@1": 0.6935483870967742,
    "loss": 0.020399907281860332
}