{
    "threshold": 0.127,
    "precision": 0.6538969574807217,
    "recall": 0.6722775568009375,
    "f1": 0.5234383359757578,
    "hits@1": 0.6491935483870968,
    "loss": 0.018975986165013167
}