{
    "threshold": 0.027,
    "precision": 0.6524966020667724,
    "recall": 0.7648642304703329,
    "f1": 0.5996535567020823,
    "hits@1": 0.6854838709677419,
    "loss": 0.022813213646154573
}