{
    "threshold": 0.155,
    "precision": 0.7847931595372095,
    "recall": 0.6985825950063059,
    "f1": 0.6118056775179115,
    "hits@1": 0.7298387096774194,
    "loss": 0.018555685914600283
}