{
    "threshold": 0.129,
    "precision": 0.7580181166833498,
    "recall": 0.7102607440963031,
    "f1": 0.6331625914011676,
    "hits@1": 0.717741935483871,
    "loss": 0.028767431194153356
}