{
    "threshold": 0.053,
    "precision": 0.6465903273399891,
    "recall": 0.7519146708735358,
    "f1": 0.5940495098703112,
    "hits@1": 0.6814516129032258,
    "loss": 0.01734254715865564
}