{
    "threshold": 0.096,
    "precision": 0.6946876528131839,
    "recall": 0.6972333952099515,
    "f1": 0.5936837810206531,
    "hits@1": 0.6935483870967742,
    "loss": 0.02125966219032373
}