{
    "threshold": 0.032,
    "precision": 0.6917732282905363,
    "recall": 0.7426891377191025,
    "f1": 0.6086787622431269,
    "hits@1": 0.7056451612903226,
    "loss": 0.023995736810968102
}