{
    "threshold": 0.057,
    "precision": 0.6627855645616038,
    "recall": 0.736706479412514,
    "f1": 0.5638083057670888,
    "hits@1": 0.7056451612903226,
    "loss": 0.017363587315046867
}