{
    "threshold": 0.039,
    "precision": 0.6946342432002708,
    "recall": 0.7317326238605478,
    "f1": 0.6072475431721409,
    "hits@1": 0.6935483870967742,
    "loss": 0.02041830340135465
}