{
    "threshold": 0.068,
    "precision": 0.678640536798312,
    "recall": 0.7539278935254885,
    "f1": 0.6164424072330544,
    "hits@1": 0.7137096774193549,
    "loss": 0.020745890190104442
}