{
    "threshold": 0.141,
    "precision": 0.7290703111160766,
    "recall": 0.6750458964520207,
    "f1": 0.568471323873957,
    "hits@1": 0.6854838709677419,
    "loss": 0.01669195213130713
}