{
    "threshold": 0.132,
    "precision": 0.7071766398296888,
    "recall": 0.7325120398362338,
    "f1": 0.6105952152037964,
    "hits@1": 0.6895161290322581,
    "loss": 0.020207220629520514
}