{
    "threshold": 0.155,
    "precision": 0.6864888574860923,
    "recall": 0.7191902685102252,
    "f1": 0.5904050791577793,
    "hits@1": 0.7137096774193549,
    "loss": 0.022707254054087474
}