{
    "threshold": 0.098,
    "precision": 0.7341059310365874,
    "recall": 0.7110336068197504,
    "f1": 0.6179198337214302,
    "hits@1": 0.6935483870967742,
    "loss": 0.02296559942596065
}