{
    "threshold": 0.147,
    "precision": 0.7324899626138833,
    "recall": 0.7144628099816622,
    "f1": 0.6134106193820209,
    "hits@1": 0.6774193548387096,
    "loss": 0.024601226502179534
}