{
    "threshold": 0.016,
    "precision": 0.6704853203196872,
    "recall": 0.7515278904905208,
    "f1": 0.6130359682341494,
    "hits@1": 0.7056451612903226,
    "loss": 0.023627232258663505
}