{
    "threshold": 0.018,
    "precision": 0.6644579639794712,
    "recall": 0.7483635349893951,
    "f1": 0.6055069681639931,
    "hits@1": 0.7056451612903226,
    "loss": 0.020365532508096276
}