{
    "threshold": 0.381,
    "precision": 0.7184818351046088,
    "recall": 0.6016798117501837,
    "f1": 0.5007511124407165,
    "hits@1": 0.6209677419354839,
    "loss": 0.026251698194301443
}