{
    "threshold": 0.146,
    "precision": 0.7294742784285596,
    "recall": 0.7555064482386088,
    "f1": 0.6254846503112831,
    "hits@1": 0.717741935483871,
    "loss": 0.019182170858259278
}