{
    "threshold": 0.129,
    "precision": 0.772512539671585,
    "recall": 0.7138475073048589,
    "f1": 0.634047203747884,
    "hits@1": 0.7258261933904528,
    "loss": 0.05054724335860831
}