{
    "threshold": 0.068,
    "precision": 0.680047885147772,
    "recall": 0.732458837343285,
    "f1": 0.5879975040553264,
    "hits@1": 0.7137096774193549,
    "loss": 0.023295385535372685
}