{
    "threshold": 0.124,
    "precision": 0.7188716228403351,
    "recall": 0.7015769063147055,
    "f1": 0.5824334347255289,
    "hits@1": 0.6854838709677419,
    "loss": 0.019965137974295756
}