{
    "threshold": 0.051,
    "precision": 0.6765935206838084,
    "recall": 0.7514800001234442,
    "f1": 0.6063997122805691,
    "hits@1": 0.7096774193548387,
    "loss": 0.02106234196302613
}