{
    "threshold": 0.201,
    "precision": 0.7191427674644821,
    "recall": 0.7104750932533676,
    "f1": 0.5867065920020234,
    "hits@1": 0.7096774193548387,
    "loss": 0.024424160042172283
}