{
    "threshold": 0.068,
    "precision": 0.7242847168960515,
    "recall": 0.7370673150374442,
    "f1": 0.6118142030258823,
    "hits@1": 0.7137096774193549,
    "loss": 0.01861278975077549
}