{
    "threshold": 0.101,
    "precision": 0.6636230047178505,
    "recall": 0.6807042190108916,
    "f1": 0.53071887805447,
    "hits@1": 0.6411290322580645,
    "loss": 0.017225890503474072
}