{
    "threshold": 0.15,
    "precision": 0.7000577406307932,
    "recall": 0.7522245312866409,
    "f1": 0.6262810472636389,
    "hits@1": 0.7096774193548387,
    "loss": 0.024771322131667363
}