{
    "threshold": 0.063,
    "precision": 0.7102824607131228,
    "recall": 0.7648974421702859,
    "f1": 0.6285456867721749,
    "hits@1": 0.6814516129032258,
    "loss": 0.026936617680633462
}