{
    "threshold": 0.14,
    "precision": 0.6385638771069727,
    "recall": 0.7768947859800777,
    "f1": 0.5976868389311937,
    "hits@1": 0.6733870967741935,
    "loss": 0.03529337970427328
}