{
    "threshold": 0.079,
    "precision": 0.5775687528673725,
    "recall": 0.6012931111059651,
    "f1": 0.4238622428148291,
    "hits@1": 0.5201612903225806,
    "loss": 0.025213780041725302
}