{
    "threshold": 0.095,
    "precision": 0.728874423385815,
    "recall": 0.7073134774535421,
    "f1": 0.5932236265547323,
    "hits@1": 0.6895161290322581,
    "loss": 0.01859628815682624
}