{
    "threshold": 0.054,
    "precision": 0.6810975854109503,
    "recall": 0.7667858851232653,
    "f1": 0.615337712774119,
    "hits@1": 0.6935483870967742,
    "loss": 0.02000078043654739
}