{
    "threshold": 0.082,
    "precision": 0.7054480248079464,
    "recall": 0.7458600859719172,
    "f1": 0.621314135923247,
    "hits@1": 0.7217741935483871,
    "loss": 0.021662868886968424
}