{
    "threshold": 0.317,
    "precision": 0.7664972200980797,
    "recall": 0.6924772605216161,
    "f1": 0.6018811083772547,
    "hits@1": 0.7096774193548387,
    "loss": 0.024282063365882074
}