{
    "threshold": 0.363,
    "precision": 0.7416683926410015,
    "recall": 0.7200797141680394,
    "f1": 0.6171693203504761,
    "hits@1": 0.7137096774193549,
    "loss": 0.025763573790277917
}