{
    "threshold": 0.217,
    "precision": 0.7151588864573836,
    "recall": 0.7441205025948786,
    "f1": 0.6230605293239122,
    "hits@1": 0.6935483870967742,
    "loss": 0.030308781766960856
}