{
    "threshold": 0.063,
    "precision": 0.6606602088903952,
    "recall": 0.7825528296636544,
    "f1": 0.6205409890205822,
    "hits@1": 0.7276621787025703,
    "loss": 0.04161350646082348
}