{
    "threshold": 0.435,
    "precision": 0.751573743606548,
    "recall": 0.7132650720777994,
    "f1": 0.61385650965265,
    "hits@1": 0.6895161290322581,
    "loss": 0.026520405179419903
}