{
    "threshold": 0.213,
    "precision": 0.6704135583144537,
    "recall": 0.7548763825009911,
    "f1": 0.6023300361271415,
    "hits@1": 0.7056451612903226,
    "loss": 0.03178107218159618
}