{
    "threshold": 0.062,
    "precision": 0.6929193646437287,
    "recall": 0.7386827688312823,
    "f1": 0.5922586114384936,
    "hits@1": 0.7217741935483871,
    "loss": 0.026851136957630604
}