{
    "threshold": 0.1,
    "precision": 0.7257687328246079,
    "recall": 0.7159535419761357,
    "f1": 0.6106429092530895,
    "hits@1": 0.6814516129032258,
    "loss": 0.024997250239744154
}