{
    "threshold": 0.103,
    "precision": 0.6890504023661386,
    "recall": 0.7031377306892722,
    "f1": 0.5769283797235045,
    "hits@1": 0.6693548387096774,
    "loss": 0.021680891885177037
}