{
    "threshold": 0.203,
    "precision": 0.6481793819382909,
    "recall": 0.6840678978351382,
    "f1": 0.5275227054978671,
    "hits@1": 0.6451612903225806,
    "loss": 0.02380890927922134
}