{
    "threshold": 0.03,
    "precision": 0.7302920688368757,
    "recall": 0.7078227005665723,
    "f1": 0.5952321596092276,
    "hits@1": 0.7016129032258065,
    "loss": 0.018132906777470814
}