{
    "threshold": 0.121,
    "precision": 0.6752044082938888,
    "recall": 0.725320737173331,
    "f1": 0.583272666681266,
    "hits@1": 0.6774193548387096,
    "loss": 0.024450662284121176
}