{
    "threshold": 0.14,
    "precision": 0.7190203415248412,
    "recall": 0.7110243465488263,
    "f1": 0.607888987619858,
    "hits@1": 0.6935483870967742,
    "loss": 0.02173789271904262
}