{
    "threshold": 0.164,
    "precision": 0.7100117374918101,
    "recall": 0.6879107360701499,
    "f1": 0.5675743149689714,
    "hits@1": 0.6814516129032258,
    "loss": 0.017182727915824793
}