{
    "threshold": 0.038,
    "precision": 0.5859760281303539,
    "recall": 0.7078161327449103,
    "f1": 0.4972878701813455,
    "hits@1": 0.6290322580645161,
    "loss": 0.017803911329635366
}