{
    "threshold": 0.285,
    "precision": 0.7413344315230911,
    "recall": 0.7143908372163713,
    "f1": 0.6110564103673325,
    "hits@1": 0.6895161290322581,
    "loss": 0.02882783713829087
}