{
    "threshold": 0.111,
    "precision": 0.5995972632958433,
    "recall": 0.6663507278821044,
    "f1": 0.47425025673252524,
    "hits@1": 0.6008064516129032,
    "loss": 0.027852757291767137
}