{
    "threshold": 0.048,
    "precision": 0.7046154833579649,
    "recall": 0.7111673947131908,
    "f1": 0.5997428583823836,
    "hits@1": 0.6935483870967742,
    "loss": 0.025049052302247063
}