{
    "threshold": 0.162,
    "precision": 0.6700661743957329,
    "recall": 0.7000028461029248,
    "f1": 0.5511255106481362,
    "hits@1": 0.6612903225806451,
    "loss": 0.019513775677598072
}