{
    "threshold": 0.091,
    "precision": 0.7229463860608466,
    "recall": 0.74969448976907,
    "f1": 0.6338828503629707,
    "hits@1": 0.7117503059975521,
    "loss": 0.052952509710120575
}