{
    "threshold": 0.139,
    "precision": 0.7167933663380051,
    "recall": 0.731057714230519,
    "f1": 0.6150848823920682,
    "hits@1": 0.7016129032258065,
    "loss": 0.026074927621278412
}