{
    "threshold": 0.148,
    "precision": 0.6216961382985741,
    "recall": 0.6627600389962711,
    "f1": 0.5190577244936051,
    "hits@1": 0.6411290322580645,
    "loss": 0.02050969936144407
}