{
    "threshold": 0.12,
    "precision": 0.7019242610638365,
    "recall": 0.7287736745435601,
    "f1": 0.6089762627315234,
    "hits@1": 0.7016129032258065,
    "loss": 0.017750836610940356
}