{
    "threshold": 0.163,
    "precision": 0.757377643757414,
    "recall": 0.7108094673127119,
    "f1": 0.6180488217751682,
    "hits@1": 0.6975806451612904,
    "loss": 0.022561957738575462
}