{
    "threshold": 0.091,
    "precision": 0.7247922285504155,
    "recall": 0.7352814100118941,
    "f1": 0.6299671398072949,
    "hits@1": 0.7096774193548387,
    "loss": 0.022962013436176886
}