{
    "threshold": 0.131,
    "precision": 0.6554783114797618,
    "recall": 0.751574236057448,
    "f1": 0.5836184191518915,
    "hits@1": 0.6653225806451613,
    "loss": 0.021121887123616134
}