{
    "threshold": 0.145,
    "precision": 0.7307493645175847,
    "recall": 0.7304006674754204,
    "f1": 0.6272270847432195,
    "hits@1": 0.6895161290322581,
    "loss": 0.03460346657791022
}