{
    "threshold": 0.032,
    "precision": 0.703128206090299,
    "recall": 0.7150253074530862,
    "f1": 0.597970608303394,
    "hits@1": 0.7217741935483871,
    "loss": 0.023746520999319003
}