{
    "threshold": 0.129,
    "precision": 0.6458078485007716,
    "recall": 0.6560030266315976,
    "f1": 0.506430671377101,
    "hits@1": 0.6169354838709677,
    "loss": 0.021288658859847164
}