{
    "threshold": 0.181,
    "precision": 0.6594793619754636,
    "recall": 0.71001249053799,
    "f1": 0.5745463932403839,
    "hits@1": 0.6411290322580645,
    "loss": 0.030086172819486664
}