{
    "threshold": 0.1,
    "precision": 0.7068604132868573,
    "recall": 0.6783400612928254,
    "f1": 0.5574842648173458,
    "hits@1": 0.6733870967741935,
    "loss": 0.022929011309333704
}