{
    "threshold": 0.145,
    "precision": 0.7309089097615306,
    "recall": 0.6987568812083259,
    "f1": 0.6190022678217459,
    "hits@1": 0.6975806451612904,
    "loss": 0.02029965800515155
}