{
    "threshold": 0.115,
    "precision": 0.4924646098844987,
    "recall": 0.6798708332267842,
    "f1": 0.4033735857824382,
    "hits@1": 0.5161290322580645,
    "loss": 0.02450908292005733
}