{
    "threshold": 0.032,
    "precision": 0.6461600439461311,
    "recall": 0.6757784608108818,
    "f1": 0.5273509077335069,
    "hits@1": 0.6290322580645161,
    "loss": 0.017914027315302155
}