{
    "threshold": 0.128,
    "precision": 0.6892644170665205,
    "recall": 0.7561752333299057,
    "f1": 0.6174345224406699,
    "hits@1": 0.717741935483871,
    "loss": 0.02201051458627733
}