{
    "threshold": 0.037,
    "precision": 0.69305108462441,
    "recall": 0.6845511951113411,
    "f1": 0.5931823968663648,
    "hits@1": 0.6895161290322581,
    "loss": 0.04317408074152154
}