{
    "threshold": 0.13,
    "precision": 0.7396052330588696,
    "recall": 0.703559919218422,
    "f1": 0.6104903836689238,
    "hits@1": 0.6935483870967742,
    "loss": 0.04089018252566684
}