{
    "threshold": 0.093,
    "precision": 0.7048295812532719,
    "recall": 0.7422601902017013,
    "f1": 0.6174630451582509,
    "hits@1": 0.717741935483871,
    "loss": 0.0191592837830332
}