{
    "threshold": 0.173,
    "precision": 0.6551439253685701,
    "recall": 0.6974065928061647,
    "f1": 0.5382760737068625,
    "hits@1": 0.6733870967741935,
    "loss": 0.021811598748095507
}