{
    "threshold": 0.067,
    "precision": 0.7238893272362709,
    "recall": 0.7295281806651029,
    "f1": 0.6211141257737799,
    "hits@1": 0.7016129032258065,
    "loss": 0.03316858284102646
}