{
    "threshold": 0.098,
    "precision": 0.6095837894805147,
    "recall": 0.7682489160789556,
    "f1": 0.5683935425060129,
    "hits@1": 0.6451612903225806,
    "loss": 0.0254892150934695
}