{
    "threshold": 0.058,
    "precision": 0.6221692362968317,
    "recall": 0.7270647119327867,
    "f1": 0.5555517922449014,
    "hits@1": 0.657258064516129,
    "loss": 0.021255618833534967
}