{
    "threshold": 0.217,
    "precision": 0.7228193388830805,
    "recall": 0.7025212415124825,
    "f1": 0.6007382531381997,
    "hits@1": 0.7016129032258065,
    "loss": 0.02265897402915205
}