{
    "threshold": 0.08,
    "precision": 0.7067773396163758,
    "recall": 0.7502211452644372,
    "f1": 0.6206711243328186,
    "hits@1": 0.6814516129032258,
    "loss": 0.02117909753872102
}