{
    "threshold": 0.029,
    "precision": 0.6639836251634595,
    "recall": 0.745726004303066,
    "f1": 0.6028540126116044,
    "hits@1": 0.7137096774193549,
    "loss": 0.048840249852884134
}