{
    "threshold": 0.038,
    "precision": 0.6342711315814854,
    "recall": 0.7167520085965309,
    "f1": 0.5574754873922363,
    "hits@1": 0.6733870967741935,
    "loss": 0.019093492767190665
}