{
    "threshold": 0.034,
    "precision": 0.5943241192975226,
    "recall": 0.6554876271906322,
    "f1": 0.4891991234559959,
    "hits@1": 0.6290322580645161,
    "loss": 0.021049481228876038
}