{
    "threshold": 0.101,
    "precision": 0.713693973039234,
    "recall": 0.7025206792968723,
    "f1": 0.6134447058257598,
    "hits@1": 0.6774193548387096,
    "loss": 0.025046923927346785
}