{
    "threshold": 0.185,
    "precision": 0.7599622237620466,
    "recall": 0.6930611486947997,
    "f1": 0.5808807426006347,
    "hits@1": 0.6814516129032258,
    "loss": 0.021721733798661463
}