{
    "threshold": 0.092,
    "precision": 0.7190327829911951,
    "recall": 0.702349467161526,
    "f1": 0.5998156080090482,
    "hits@1": 0.6653225806451613,
    "loss": 0.023723817549263237
}