{
    "threshold": 0.074,
    "precision": 0.578227751893145,
    "recall": 0.6977303113531863,
    "f1": 0.5033070045804127,
    "hits@1": 0.5887096774193549,
    "loss": 0.021118518417278638
}