{
    "threshold": 0.037,
    "precision": 0.6482578987709681,
    "recall": 0.7717333814502024,
    "f1": 0.6067969708290888,
    "hits@1": 0.6895161290322581,
    "loss": 0.02150254562312587
}