{
    "threshold": 0.127,
    "precision": 0.6961398267890455,
    "recall": 0.7111507879310386,
    "f1": 0.5985685087156035,
    "hits@1": 0.6733870967741935,
    "loss": 0.036288758346647416
}