{
    "threshold": 0.119,
    "precision": 0.7313912293058764,
    "recall": 0.7013750451559527,
    "f1": 0.6143897104082873,
    "hits@1": 0.6975806451612904,
    "loss": 0.048760713258418666
}