{
    "threshold": 0.23,
    "precision": 0.7586812933221675,
    "recall": 0.6569561502938606,
    "f1": 0.5851635288415508,
    "hits@1": 0.6814516129032258,
    "loss": 0.02449346249034304
}