{
    "threshold": 0.059,
    "precision": 0.6722723174953891,
    "recall": 0.7515596955611588,
    "f1": 0.6023422760285159,
    "hits@1": 0.6774193548387096,
    "loss": 0.019126710440016036
}