{
    "threshold": 0.077,
    "precision": 0.7216346333885635,
    "recall": 0.72605167803718,
    "f1": 0.6113738338512311,
    "hits@1": 0.6975806451612904,
    "loss": 0.022753302894124267
}