{
    "threshold": 0.049,
    "precision": 0.6619792287230845,
    "recall": 0.7389426884977759,
    "f1": 0.596426827828183,
    "hits@1": 0.6693548387096774,
    "loss": 0.02266516565889353
}