{
    "threshold": 0.119,
    "precision": 0.7497843924694403,
    "recall": 0.7037831787765876,
    "f1": 0.6183137350441442,
    "hits@1": 0.7172582619339045,
    "loss": 0.0574285095419892
}