{
    "threshold": 0.076,
    "precision": 0.6654041388461193,
    "recall": 0.7367409832303162,
    "f1": 0.5881723516394118,
    "hits@1": 0.6895161290322581,
    "loss": 0.02770185188251192
}