{
    "threshold": 0.12,
    "precision": 0.7204120390147223,
    "recall": 0.6681417317363041,
    "f1": 0.581991794901788,
    "hits@1": 0.6612903225806451,
    "loss": 0.02199486437311477
}