{
    "threshold": 0.134,
    "precision": 0.683617445930168,
    "recall": 0.70406841984214,
    "f1": 0.5866960034144896,
    "hits@1": 0.6854838709677419,
    "loss": 0.019439285872139646
}