{
    "threshold": 0.088,
    "precision": 0.6065774178424983,
    "recall": 0.5700974270738033,
    "f1": 0.4230783218748859,
    "hits@1": 0.5282258064516129,
    "loss": 0.0272544622986521
}