{
    "threshold": 0.223,
    "precision": 0.7367558993062434,
    "recall": 0.6791021963538522,
    "f1": 0.574179735967376,
    "hits@1": 0.6733870967741935,
    "loss": 0.020958275587232407
}