{
    "threshold": 0.066,
    "precision": 0.700024944296514,
    "recall": 0.7228323107960832,
    "f1": 0.6128016391322358,
    "hits@1": 0.6935483870967742,
    "loss": 0.04567871552485647
}