{
    "threshold": 0.122,
    "precision": 0.7456307087073674,
    "recall": 0.7196362905112438,
    "f1": 0.604010690973776,
    "hits@1": 0.7096774193548387,
    "loss": 0.024421386956009462
}