{
    "threshold": 0.047,
    "precision": 0.7092139740829039,
    "recall": 0.7092402847665275,
    "f1": 0.6086328873467864,
    "hits@1": 0.6814516129032258,
    "loss": 0.03257656260669652
}