{
    "threshold": 0.042,
    "precision": 0.66491204477364,
    "recall": 0.7328711376944699,
    "f1": 0.5757478798567548,
    "hits@1": 0.6854838709677419,
    "loss": 0.021151299905090647
}