{
    "threshold": 0.118,
    "precision": 0.6445416957751046,
    "recall": 0.6931990185613338,
    "f1": 0.5322828579626563,
    "hits@1": 0.6330645161290323,
    "loss": 0.019167443585801202
}