{
    "threshold": 0.033,
    "precision": 0.6363965485750491,
    "recall": 0.7157440292811832,
    "f1": 0.5593182353214411,
    "hits@1": 0.6532258064516129,
    "loss": 0.02045205470443752
}