{
    "threshold": 0.04,
    "precision": 0.7397152552024658,
    "recall": 0.6575450620812852,
    "f1": 0.5766055402266964,
    "hits@1": 0.6854838709677419,
    "loss": 0.02459979634590045
}