{
    "threshold": 0.025,
    "precision": 0.7239654826752997,
    "recall": 0.6963479902578317,
    "f1": 0.5965856919567033,
    "hits@1": 0.6814516129032258,
    "loss": 0.02800379245790218
}