{
    "threshold": 0.098,
    "precision": 0.674938173121084,
    "recall": 0.7132413288656733,
    "f1": 0.5786510255461068,
    "hits@1": 0.657258064516129,
    "loss": 0.022036327271146582
}