{
    "threshold": 0.384,
    "precision": 0.7001201803664959,
    "recall": 0.6302578133968315,
    "f1": 0.5126129617905014,
    "hits@1": 0.6411290322580645,
    "loss": 0.02765325338944877
}