{
    "threshold": 0.292,
    "precision": 0.7579683075467945,
    "recall": 0.6612405964300578,
    "f1": 0.5846369350097486,
    "hits@1": 0.6935483870967742,
    "loss": 0.02357953905353651
}