{
    "threshold": 0.106,
    "precision": 0.6884340554177748,
    "recall": 0.6824191332520726,
    "f1": 0.5674178891143203,
    "hits@1": 0.6491935483870968,
    "loss": 0.024001691049836665
}