{
    "threshold": 0.263,
    "precision": 0.7221877442778913,
    "recall": 0.7262685191952982,
    "f1": 0.6005068598292074,
    "hits@1": 0.6975806451612904,
    "loss": 0.025721806160029434
}