{
    "threshold": 0.065,
    "precision": 0.6873949025430829,
    "recall": 0.7245925193214366,
    "f1": 0.5916962179312836,
    "hits@1": 0.6854838709677419,
    "loss": 0.039048949759562
}