{
    "threshold": 0.052,
    "precision": 0.6124238245611593,
    "recall": 0.6817606026777586,
    "f1": 0.5059454234460946,
    "hits@1": 0.6290322580645161,
    "loss": 0.02084149497007838
}