{
    "threshold": 0.076,
    "precision": 0.6215126308057807,
    "recall": 0.7534122196581235,
    "f1": 0.5682941415850548,
    "hits@1": 0.6612903225806451,
    "loss": 0.02797410363876884
}