{
    "threshold": 0.127,
    "precision": 0.6100768379479319,
    "recall": 0.657848360716606,
    "f1": 0.506816853306391,
    "hits@1": 0.6330645161290323,
    "loss": 0.025071082688818296
}