{
    "threshold": 0.039,
    "precision": 0.638787295002805,
    "recall": 0.7846582478507538,
    "f1": 0.613125856574258,
    "hits@1": 0.7056451612903226,
    "loss": 0.0185077663767734
}