{
    "threshold": 0.074,
    "precision": 0.7006126452945882,
    "recall": 0.7768341375383158,
    "f1": 0.6423578793674004,
    "hits@1": 0.6935483870967742,
    "loss": 0.023458307513764275
}