{
    "threshold": 0.122,
    "precision": 0.7076646467580903,
    "recall": 0.7170010180641554,
    "f1": 0.59935509145029,
    "hits@1": 0.6532258064516129,
    "loss": 0.045456274482575845
}