{
    "threshold": 0.084,
    "precision": 0.7447778234067775,
    "recall": 0.7102296686429671,
    "f1": 0.6117445129372138,
    "hits@1": 0.6935483870967742,
    "loss": 0.04750544131268724
}