{
    "threshold": 0.214,
    "precision": 0.7168104766903922,
    "recall": 0.73823873765428,
    "f1": 0.6218131681716669,
    "hits@1": 0.7096774193548387,
    "loss": 0.03772343624637639
}