{
    "threshold": 0.074,
    "precision": 0.7964802899546302,
    "recall": 0.6822145888834893,
    "f1": 0.6246373268502418,
    "hits@1": 0.7227662178702571,
    "loss": 0.051923409233701395
}