{
    "threshold": 0.072,
    "precision": 0.6294433627683003,
    "recall": 0.7355280901593447,
    "f1": 0.561335381926241,
    "hits@1": 0.657258064516129,
    "loss": 0.02687992957800967
}