{
    "threshold": 0.116,
    "precision": 0.7259851710404982,
    "recall": 0.7356472427240178,
    "f1": 0.6126425865323145,
    "hits@1": 0.7016129032258065,
    "loss": 0.03098216503501112
}