{
    "threshold": 0.04,
    "precision": 0.7434209414623519,
    "recall": 0.6977938436658937,
    "f1": 0.6045351497814403,
    "hits@1": 0.6895161290322581,
    "loss": 0.043040686081499545
}