{
    "threshold": 0.041,
    "precision": 0.7163318583387308,
    "recall": 0.7263014032659418,
    "f1": 0.6168192093137136,
    "hits@1": 0.6895161290322581,
    "loss": 0.045418195721964254
}