{
    "threshold": 0.043,
    "precision": 0.700420155463921,
    "recall": 0.7417543744225666,
    "f1": 0.619071086696509,
    "hits@1": 0.6814516129032258,
    "loss": 0.030143215727300422
}