{
    "threshold": 0.03,
    "precision": 0.669445528662908,
    "recall": 0.7914962248140537,
    "f1": 0.6281094907705589,
    "hits@1": 0.7096774193548387,
    "loss": 0.026317178256570248
}