{
    "threshold": 0.175,
    "precision": 0.6972396423953614,
    "recall": 0.7335056176583444,
    "f1": 0.6065393038139647,
    "hits@1": 0.6774193548387096,
    "loss": 0.02139742656743613
}