{
    "threshold": 0.048,
    "precision": 0.7394487330944416,
    "recall": 0.7093405472377731,
    "f1": 0.6173058103430002,
    "hits@1": 0.6975806451612904,
    "loss": 0.028534969869886788
}