{
    "threshold": 0.087,
    "precision": 0.702373047267308,
    "recall": 0.7578104885186888,
    "f1": 0.6211237024207105,
    "hits@1": 0.6935483870967742,
    "loss": 0.03415011091034545
}