{
    "threshold": 0.026,
    "precision": 0.6704434669186929,
    "recall": 0.7476394989066163,
    "f1": 0.607264648613988,
    "hits@1": 0.6975806451612904,
    "loss": 0.031093369526677964
}