{
    "threshold": 0.124,
    "precision": 0.7240644237910031,
    "recall": 0.7114560847562136,
    "f1": 0.614405639597087,
    "hits@1": 0.6733870967741935,
    "loss": 0.02446334721197825
}