{
    "threshold": 0.127,
    "precision": 0.7543941514506949,
    "recall": 0.7050036955948289,
    "f1": 0.6188115393662725,
    "hits@1": 0.717741935483871,
    "loss": 0.02646874704047556
}