{
    "threshold": 0.036,
    "precision": 0.7211228803216184,
    "recall": 0.7185208947562849,
    "f1": 0.6051213576179633,
    "hits@1": 0.7217741935483871,
    "loss": 0.021536326369950527
}