{
    "threshold": 0.153,
    "precision": 0.6994852966885193,
    "recall": 0.7340697502046416,
    "f1": 0.6023980105828364,
    "hits@1": 0.6895161290322581,
    "loss": 0.027628617424528774
}