{
    "threshold": 0.103,
    "precision": 0.7185777432324021,
    "recall": 0.6879375110327721,
    "f1": 0.5962402125713183,
    "hits@1": 0.6895161290322581,
    "loss": 0.031674934130845545
}