{
    "threshold": 0.047,
    "precision": 0.7470673350810523,
    "recall": 0.7266988339585775,
    "f1": 0.6264829115665177,
    "hits@1": 0.7137096774193549,
    "loss": 0.02554784807489221
}