{
    "threshold": 0.241,
    "precision": 0.7625394398039979,
    "recall": 0.7030703446804085,
    "f1": 0.6101668123728269,
    "hits@1": 0.7056451612903226,
    "loss": 0.01893651130139218
}