{
    "threshold": 0.123,
    "precision": 0.6943726712480457,
    "recall": 0.6966677804452744,
    "f1": 0.5514111859795311,
    "hits@1": 0.6653225806451613,
    "loss": 0.019844399346956122
}