{
    "threshold": 0.296,
    "precision": 0.7532116820001287,
    "recall": 0.6581671613671284,
    "f1": 0.5871831703584405,
    "hits@1": 0.6814516129032258,
    "loss": 0.02218757482717723
}