{
    "threshold": 0.072,
    "precision": 0.7219889207668335,
    "recall": 0.7475628128530272,
    "f1": 0.6291423326499171,
    "hits@1": 0.7123623011015912,
    "loss": 0.04488352857550712
}