{
    "threshold": 0.136,
    "precision": 0.7243323729163464,
    "recall": 0.7241189951303861,
    "f1": 0.5996434649553501,
    "hits@1": 0.7016129032258065,
    "loss": 0.02957978090993519
}