{
    "threshold": 0.015,
    "precision": 0.6254312498954371,
    "recall": 0.7203345738011289,
    "f1": 0.5504121933822026,
    "hits@1": 0.657258064516129,
    "loss": 0.022765549668762573
}