{
    "threshold": 0.126,
    "precision": 0.6027734179639374,
    "recall": 0.62043256090452,
    "f1": 0.45050000574893667,
    "hits@1": 0.6088709677419355,
    "loss": 0.026294439769049882
}