{
    "threshold": 0.081,
    "precision": 0.7164819246927863,
    "recall": 0.7205990740663973,
    "f1": 0.5975597800563016,
    "hits@1": 0.7016129032258065,
    "loss": 0.020020055191298104
}