{
    "threshold": 0.054,
    "precision": 0.6124321390496681,
    "recall": 0.6416036003368096,
    "f1": 0.4766022601668911,
    "hits@1": 0.6290322580645161,
    "loss": 0.021101120603500546
}