{
    "threshold": 0.108,
    "precision": 0.6755598521093862,
    "recall": 0.7065076504833115,
    "f1": 0.5735391005510517,
    "hits@1": 0.6814516129032258,
    "loss": 0.020720514412225752
}