{
    "threshold": 0.204,
    "precision": 0.7288266590167074,
    "recall": 0.7165989502228208,
    "f1": 0.5916060275565617,
    "hits@1": 0.6653225806451613,
    "loss": 0.02733081120072381
}