{
    "threshold": 0.165,
    "precision": 0.6581561946108836,
    "recall": 0.714259529738228,
    "f1": 0.5675191188055824,
    "hits@1": 0.6733870967741935,
    "loss": 0.019704206043091217
}