{
    "threshold": 0.133,
    "precision": 0.6767123152273011,
    "recall": 0.7321491351562822,
    "f1": 0.5948283846389125,
    "hits@1": 0.6733870967741935,
    "loss": 0.028929410084970037
}