{
    "threshold": 0.084,
    "precision": 0.6964365302485352,
    "recall": 0.7157687942200974,
    "f1": 0.5635175883266301,
    "hits@1": 0.6733870967741935,
    "loss": 0.02097994696375174
}