{
    "threshold": 0.05,
    "precision": 0.6605246763507582,
    "recall": 0.7677340218221136,
    "f1": 0.6033345871393234,
    "hits@1": 0.6814516129032258,
    "loss": 0.02494492567453368
}