{
    "threshold": 0.287,
    "precision": 0.6781491773339176,
    "recall": 0.6233932690228204,
    "f1": 0.5120071629412276,
    "hits@1": 0.6814516129032258,
    "loss": 0.021826437151218597
}