{
    "threshold": 0.058,
    "precision": 0.5202210889985629,
    "recall": 0.6478692717101849,
    "f1": 0.4346615382035311,
    "hits@1": 0.5967741935483871,
    "loss": 0.02131338585623904
}