{
    "threshold": 0.037,
    "precision": 0.678888028054891,
    "recall": 0.7453320811647345,
    "f1": 0.5816571194690534,
    "hits@1": 0.6895161290322581,
    "loss": 0.021400976855410862
}