{
    "threshold": 0.134,
    "precision": 0.6989726150521159,
    "recall": 0.7036818673597349,
    "f1": 0.5635914575886447,
    "hits@1": 0.6693548387096774,
    "loss": 0.0230481258559047
}