{
    "threshold": 0.045,
    "precision": 0.6516720532015015,
    "recall": 0.7423599943838235,
    "f1": 0.5792950202458118,
    "hits@1": 0.6491935483870968,
    "loss": 0.024049636066642198
}