{
    "threshold": 0.097,
    "precision": 0.7045987153178451,
    "recall": 0.7042252048044927,
    "f1": 0.5971077053375174,
    "hits@1": 0.6733870967741935,
    "loss": 0.028822122404020382
}