{
    "threshold": 0.15,
    "precision": 0.5332997095141226,
    "recall": 0.44012602178125826,
    "f1": 0.2683040289159998,
    "hits@1": 0.4032258064516129,
    "loss": 0.04140020186234391
}