{
    "threshold": 0.323,
    "precision": 0.7133865691310427,
    "recall": 0.7160668098406333,
    "f1": 0.5967270250496287,
    "hits@1": 0.6653225806451613,
    "loss": 0.034821099390852636
}