{
    "threshold": 0.051,
    "precision": 0.7040960079350524,
    "recall": 0.7323783530014583,
    "f1": 0.605720848356136,
    "hits@1": 0.6854838709677419,
    "loss": 0.023112939898454508
}