{
    "threshold": 0.174,
    "precision": 0.6699571786906794,
    "recall": 0.6850628969131374,
    "f1": 0.5463585561915509,
    "hits@1": 0.657258064516129,
    "loss": 0.02219022316884412
}