{
    "threshold": 0.398,
    "precision": 0.675136354945597,
    "recall": 0.7123464571385583,
    "f1": 0.5656830976936057,
    "hits@1": 0.6612903225806451,
    "loss": 0.02715703739373744
}