{
    "threshold": 0.18,
    "precision": 0.6219991681406241,
    "recall": 0.5045227886517945,
    "f1": 0.36086128891725083,
    "hits@1": 0.4637096774193548,
    "loss": 0.02741490163238631
}