{
    "threshold": 0.076,
    "precision": 0.7026430554109656,
    "recall": 0.7279186959106834,
    "f1": 0.6068346520490686,
    "hits@1": 0.6854838709677419,
    "loss": 0.025089668308685937
}