{
    "threshold": 0.146,
    "precision": 0.631888132973391,
    "recall": 0.7526345437970882,
    "f1": 0.5758677576809244,
    "hits@1": 0.6814516129032258,
    "loss": 0.029854026921682462
}