{
    "threshold": 0.339,
    "precision": 0.7342578468491548,
    "recall": 0.7003145556402266,
    "f1": 0.583744580605915,
    "hits@1": 0.6774193548387096,
    "loss": 0.02687514479635947
}