{
    "threshold": 0.053,
    "precision": 0.6797839409961939,
    "recall": 0.7400477663831602,
    "f1": 0.5978732949172335,
    "hits@1": 0.6653225806451613,
    "loss": 0.023013804498945106
}