{
    "threshold": 0.14,
    "precision": 0.6239497272861556,
    "recall": 0.7162814708506338,
    "f1": 0.5301268504790705,
    "hits@1": 0.6370967741935484,
    "loss": 0.024056473005233496
}