{
    "threshold": 0.035,
    "precision": 0.6913767481252827,
    "recall": 0.7099703318085899,
    "f1": 0.5605941323707455,
    "hits@1": 0.6532258064516129,
    "loss": 0.023903879929131063
}