{
    "threshold": 0.109,
    "precision": 0.7122261355556965,
    "recall": 0.7161380233417599,
    "f1": 0.5964477577484327,
    "hits@1": 0.6895161290322581,
    "loss": 0.026054258098489224
}