{
    "threshold": 0.065,
    "precision": 0.5141333072032022,
    "recall": 0.6047956343376569,
    "f1": 0.4206828961074809,
    "hits@1": 0.5282258064516129,
    "loss": 0.02351058823871157
}