{
    "threshold": 0.363,
    "precision": 0.7461508858163173,
    "recall": 0.6822830761411728,
    "f1": 0.5764136857772448,
    "hits@1": 0.6854838709677419,
    "loss": 0.022504841899858144
}