{
    "threshold": 0.072,
    "precision": 0.7445903650623203,
    "recall": 0.7196129085413232,
    "f1": 0.6124298553671138,
    "hits@1": 0.6733870967741935,
    "loss": 0.025157157827830248
}