{
    "threshold": 0.058,
    "precision": 0.6136724601574552,
    "recall": 0.7460613368868745,
    "f1": 0.5738172921810992,
    "hits@1": 0.6491935483870968,
    "loss": 0.0214621817282645
}