{
    "threshold": 0.201,
    "precision": 0.7159039216355869,
    "recall": 0.729428587099359,
    "f1": 0.6099974828082765,
    "hits@1": 0.6935483870967742,
    "loss": 0.023282641497614328
}