{
    "threshold": 0.031,
    "precision": 0.5921200841116737,
    "recall": 0.7762816133004302,
    "f1": 0.5727229194021507,
    "hits@1": 0.6612903225806451,
    "loss": 0.025514907635486528
}