{
    "threshold": 0.11,
    "precision": 0.7762635830814325,
    "recall": 0.6616238075304741,
    "f1": 0.5803441272937704,
    "hits@1": 0.7056451612903226,
    "loss": 0.018326134186864407
}