{
    "threshold": 0.061,
    "precision": 0.5712012996077594,
    "recall": 0.6436757568463413,
    "f1": 0.4721377756434513,
    "hits@1": 0.6169354838709677,
    "loss": 0.02483926303720659
}