{
    "threshold": 0.219,
    "precision": 0.7748199032754648,
    "recall": 0.7021040150789787,
    "f1": 0.607729404927849,
    "hits@1": 0.6653225806451613,
    "loss": 0.026293925776238545
}