{
    "threshold": 0.167,
    "precision": 0.7090763396118567,
    "recall": 0.7126863438992955,
    "f1": 0.5786875108781512,
    "hits@1": 0.6854838709677419,
    "loss": 0.02538304990895305
}