{
    "threshold": 0.135,
    "precision": 0.7003554665188274,
    "recall": 0.726697263636074,
    "f1": 0.5888528421826547,
    "hits@1": 0.6854838709677419,
    "loss": 0.034834028746488506
}