{
    "threshold": 0.19,
    "precision": 0.7058538323099957,
    "recall": 0.6853530644176412,
    "f1": 0.5683934321185389,
    "hits@1": 0.6854838709677419,
    "loss": 0.019745302169695646
}