{
    "threshold": 0.209,
    "precision": 0.6532392106911818,
    "recall": 0.7213286355007895,
    "f1": 0.5568884438279602,
    "hits@1": 0.6935483870967742,
    "loss": 0.021436359214260736
}