{
    "threshold": 0.179,
    "precision": 0.7014506601107309,
    "recall": 0.7010743126278088,
    "f1": 0.5566939750794586,
    "hits@1": 0.6895161290322581,
    "loss": 0.023124465192002442
}