{
    "threshold": 0.159,
    "precision": 0.7209424874529927,
    "recall": 0.6787325552556788,
    "f1": 0.5772802975535815,
    "hits@1": 0.6774193548387096,
    "loss": 0.01951303348186358
}