{
    "threshold": 0.32,
    "precision": 0.7042914361761605,
    "recall": 0.6813138870257722,
    "f1": 0.5649271874492261,
    "hits@1": 0.7016129032258065,
    "loss": 0.019024801001331533
}