{
    "threshold": 0.251,
    "precision": 0.6886796835145372,
    "recall": 0.6980910744975444,
    "f1": 0.5626559799741077,
    "hits@1": 0.6653225806451613,
    "loss": 0.02500370391718883
}