{
    "threshold": 0.211,
    "precision": 0.7710023324687563,
    "recall": 0.6857985170926708,
    "f1": 0.6120823325225886,
    "hits@1": 0.6774193548387096,
    "loss": 0.01667903062634422
}