{
    "threshold": 0.103,
    "precision": 0.726899893648305,
    "recall": 0.7342949928787144,
    "f1": 0.6201923006666565,
    "hits@1": 0.7379032258064516,
    "loss": 0.024912613901444246
}