{
    "threshold": 0.168,
    "precision": 0.7254919919407549,
    "recall": 0.7036533424063841,
    "f1": 0.6047067687240368,
    "hits@1": 0.7258064516129032,
    "loss": 0.0432833285680626
}