{
    "threshold": 0.154,
    "precision": 0.7187348100730204,
    "recall": 0.7323629276930343,
    "f1": 0.6047748841964867,
    "hits@1": 0.7016129032258065,
    "loss": 0.01770947310154041
}