{
    "threshold": 0.069,
    "precision": 0.6866119635332987,
    "recall": 0.680638937413721,
    "f1": 0.5556838920462512,
    "hits@1": 0.6653225806451613,
    "loss": 0.019722785417121736
}