{
    "threshold": 0.083,
    "precision": 0.6835742853207262,
    "recall": 0.7271666985076443,
    "f1": 0.5889695860937598,
    "hits@1": 0.6854838709677419,
    "loss": 0.01945436443497753
}