{
    "threshold": 0.111,
    "precision": 0.6743888769564638,
    "recall": 0.702299380114931,
    "f1": 0.5590111227604332,
    "hits@1": 0.6774193548387096,
    "loss": 0.01806173343001784
}