{
    "threshold": 0.082,
    "precision": 0.7273956259016429,
    "recall": 0.720466592843525,
    "f1": 0.6098350712315485,
    "hits@1": 0.6975806451612904,
    "loss": 0.02022255166812606
}