{
    "threshold": 0.039,
    "precision": 0.537801456667285,
    "recall": 0.55970291502281,
    "f1": 0.36165578384067104,
    "hits@1": 0.4959677419354839,
    "loss": 0.02723223792386421
}