{
    "threshold": 0.145,
    "precision": 0.6547292450607928,
    "recall": 0.7355713044780647,
    "f1": 0.5807632729236258,
    "hits@1": 0.6935483870967742,
    "loss": 0.020105530321366895
}