{
    "threshold": 0.236,
    "precision": 0.7590861277805412,
    "recall": 0.7070102935171287,
    "f1": 0.6250444048241052,
    "hits@1": 0.7298387096774194,
    "loss": 0.027869451580223092
}