{
    "threshold": 0.229,
    "precision": 0.7697713665493625,
    "recall": 0.7148369995950619,
    "f1": 0.6276130536097025,
    "hits@1": 0.6733870967741935,
    "loss": 0.019706839016143066
}