{
    "threshold": 0.068,
    "precision": 0.7150699208606911,
    "recall": 0.7339704321301734,
    "f1": 0.6216279366592014,
    "hits@1": 0.7298387096774194,
    "loss": 0.03767867663140701
}