{
    "threshold": 0.121,
    "precision": 0.7031788248054931,
    "recall": 0.7297999631438304,
    "f1": 0.6136547233513421,
    "hits@1": 0.6854838709677419,
    "loss": 0.017611711147801207
}