{
    "threshold": 0.042,
    "precision": 0.5811665799118096,
    "recall": 0.6823607202628756,
    "f1": 0.4976104273192632,
    "hits@1": 0.6008064516129032,
    "loss": 0.021413029552932707
}