{
    "threshold": 0.109,
    "precision": 0.5581907146633662,
    "recall": 0.6749518428091987,
    "f1": 0.470061528232032,
    "hits@1": 0.592741935483871,
    "loss": 0.024141320490044627
}