{
    "threshold": 0.03,
    "precision": 0.6876073589948758,
    "recall": 0.7090223192604382,
    "f1": 0.5916250223245257,
    "hits@1": 0.6854838709677419,
    "loss": 0.022153629890874393
}