{
    "threshold": 0.062,
    "precision": 0.6469497418721518,
    "recall": 0.6298225928403224,
    "f1": 0.48865554091772145,
    "hits@1": 0.6129032258064516,
    "loss": 0.020118120099826203
}