{
    "threshold": 0.2,
    "precision": 0.7520558689484712,
    "recall": 0.6951234641691993,
    "f1": 0.5957300848935969,
    "hits@1": 0.7019583843329253,
    "loss": 0.0227836565383923
}