{
    "threshold": 0.011,
    "precision": 0.6869424607069738,
    "recall": 0.7539841219330825,
    "f1": 0.6171115494999492,
    "hits@1": 0.7338709677419355,
    "loss": 0.020744400877881656
}