{
    "threshold": 0.132,
    "precision": 0.7239800405502838,
    "recall": 0.7173062153435792,
    "f1": 0.6034939131506938,
    "hits@1": 0.7258064516129032,
    "loss": 0.021967727598882738
}