{
    "threshold": 0.067,
    "precision": 0.7083891434034626,
    "recall": 0.7373744008013577,
    "f1": 0.6176612244553394,
    "hits@1": 0.7137096774193549,
    "loss": 0.02587297310771407
}