{
    "threshold": 0.13,
    "precision": 0.7164181141186541,
    "recall": 0.7267319211359423,
    "f1": 0.6057877040563815,
    "hits@1": 0.7096774193548387,
    "loss": 0.02161801133170085
}