{
    "threshold": 0.096,
    "precision": 0.7005946128499609,
    "recall": 0.7443549224881202,
    "f1": 0.6048633681733523,
    "hits@1": 0.7056451612903226,
    "loss": 0.021440155939247856
}