{
    "threshold": 0.058,
    "precision": 0.7104373594234128,
    "recall": 0.7257199368549976,
    "f1": 0.5933295436858428,
    "hits@1": 0.717741935483871,
    "loss": 0.022421078098517493
}