{
    "threshold": 0.183,
    "precision": 0.7454886469623944,
    "recall": 0.6619546417613686,
    "f1": 0.5641975455721863,
    "hits@1": 0.7016129032258065,
    "loss": 0.02080696154031244
}