{
    "threshold": 0.102,
    "precision": 0.6774937073321446,
    "recall": 0.7295938332134043,
    "f1": 0.5974825648784831,
    "hits@1": 0.717741935483871,
    "loss": 0.0335798642413339
}