{
    "threshold": 0.259,
    "precision": 0.7779584783561213,
    "recall": 0.6947972947610195,
    "f1": 0.6109486194334672,
    "hits@1": 0.7096774193548387,
    "loss": 0.026669251282173345
}