{
    "threshold": 0.056,
    "precision": 0.6892422219116965,
    "recall": 0.7487142724677714,
    "f1": 0.6092179460053663,
    "hits@1": 0.7056451612903226,
    "loss": 0.02204916636508851
}