{
    "threshold": 0.086,
    "precision": 0.7920562945273715,
    "recall": 0.6806156582185349,
    "f1": 0.6181275798784175,
    "hits@1": 0.7096774193548387,
    "loss": 0.024743357467234578
}