{
    "threshold": 0.087,
    "precision": 0.6251891488339127,
    "recall": 0.6753601900824543,
    "f1": 0.5266258700927583,
    "hits@1": 0.6411290322580645,
    "loss": 0.01983715687091281
}