{
    "threshold": 0.163,
    "precision": 0.7307392048337156,
    "recall": 0.6751047584020547,
    "f1": 0.5723778311219144,
    "hits@1": 0.6895161290322581,
    "loss": 0.021714683413042557
}