{
    "threshold": 0.229,
    "precision": 0.8649495811669273,
    "recall": 0.6039576743079732,
    "f1": 0.57393486566327,
    "hits@1": 0.7239902080783354,
    "loss": 0.05126401773982036
}