{
    "threshold": 0.255,
    "precision": 0.7677360435669714,
    "recall": 0.635863188716594,
    "f1": 0.5635656467044968,
    "hits@1": 0.6733870967741935,
    "loss": 0.024555350209979357
}