{
    "threshold": 0.082,
    "precision": 0.7221128399053911,
    "recall": 0.7008290172554483,
    "f1": 0.5963689228191953,
    "hits@1": 0.6935483870967742,
    "loss": 0.02393240206530044
}