{
    "threshold": 0.051,
    "precision": 0.705945491989218,
    "recall": 0.7142720380113216,
    "f1": 0.5879462288446274,
    "hits@1": 0.6975806451612904,
    "loss": 0.02730310822703497
}