{
    "threshold": 0.219,
    "precision": 0.7683875362356829,
    "recall": 0.7069291516030854,
    "f1": 0.6217244529305852,
    "hits@1": 0.717741935483871,
    "loss": 0.020771050249791062
}