{
    "threshold": 0.149,
    "precision": 0.6853598679841867,
    "recall": 0.7282338203127039,
    "f1": 0.5868361480374972,
    "hits@1": 0.6895161290322581,
    "loss": 0.019557297758717913
}