{
    "threshold": 0.044,
    "precision": 0.7113750699477985,
    "recall": 0.7198307867504752,
    "f1": 0.5904576390928459,
    "hits@1": 0.7016129032258065,
    "loss": 0.0226300848115017
}