{
    "threshold": 0.165,
    "precision": 0.7541583797083437,
    "recall": 0.676754178091733,
    "f1": 0.6062846787578893,
    "hits@1": 0.6895161290322581,
    "loss": 0.026011649501641153
}