{
    "threshold": 0.074,
    "precision": 0.6639388783381471,
    "recall": 0.7456615954923013,
    "f1": 0.5849602916971116,
    "hits@1": 0.6774193548387096,
    "loss": 0.019811048047970917
}