{
    "threshold": 0.126,
    "precision": 0.6912587674427756,
    "recall": 0.72057762250783,
    "f1": 0.5990973967741183,
    "hits@1": 0.7096774193548387,
    "loss": 0.020808251408129492
}