{
    "threshold": 0.058,
    "precision": 0.652313370945504,
    "recall": 0.7514601381419763,
    "f1": 0.5978724779708536,
    "hits@1": 0.7137096774193549,
    "loss": 0.021035398665376133
}