{
    "threshold": 0.042,
    "precision": 0.7106648959735271,
    "recall": 0.7117476152059725,
    "f1": 0.5979800895962548,
    "hits@1": 0.7016129032258065,
    "loss": 0.01917555788292211
}