{
    "threshold": 0.034,
    "precision": 0.6654412200243419,
    "recall": 0.7569126146918055,
    "f1": 0.5803809297106158,
    "hits@1": 0.6733870967741935,
    "loss": 0.02094796320610794
}