{
    "threshold": 0.102,
    "precision": 0.6829372414446548,
    "recall": 0.7396654899815542,
    "f1": 0.6018325795008403,
    "hits@1": 0.7056451612903226,
    "loss": 0.019496116594675483
}