{
    "threshold": 0.065,
    "precision": 0.6588446388568424,
    "recall": 0.751172453199342,
    "f1": 0.5894087188216931,
    "hits@1": 0.7016129032258065,
    "loss": 0.016910476021697124
}