{
    "threshold": 0.119,
    "precision": 0.7220196706200183,
    "recall": 0.7029814489006544,
    "f1": 0.6013764517232822,
    "hits@1": 0.6814516129032258,
    "loss": 0.03340472755480444
}