{
    "threshold": 0.169,
    "precision": 0.7195972998699494,
    "recall": 0.6854516509067223,
    "f1": 0.5856474988035612,
    "hits@1": 0.7056451612903226,
    "loss": 0.0198591033239437
}