{
    "threshold": 0.051,
    "precision": 0.7089336828268623,
    "recall": 0.7067915831307682,
    "f1": 0.5887458121935797,
    "hits@1": 0.6935483870967742,
    "loss": 0.019112990045770564
}