{
    "threshold": 0.076,
    "precision": 0.6487668639149081,
    "recall": 0.7120510824221138,
    "f1": 0.5554767526050278,
    "hits@1": 0.6451612903225806,
    "loss": 0.02346676071213658
}