{
    "threshold": 0.08,
    "precision": 0.7009847127452317,
    "recall": 0.7292988569277221,
    "f1": 0.606677688120072,
    "hits@1": 0.7016129032258065,
    "loss": 0.02188821491406522
}