{
    "threshold": 0.081,
    "precision": 0.5186558624203734,
    "recall": 0.5904010483297802,
    "f1": 0.3629788903115693,
    "hits@1": 0.49193548387096775,
    "loss": 0.02646734335887599
}