{
    "threshold": 0.201,
    "precision": 0.7500295324696721,
    "recall": 0.6827613147809123,
    "f1": 0.5985994816952099,
    "hits@1": 0.6975806451612904,
    "loss": 0.02621831230119306
}