{
    "threshold": 0.416,
    "precision": 0.7749097310871489,
    "recall": 0.6363377103112428,
    "f1": 0.5622317186483506,
    "hits@1": 0.6975806451612904,
    "loss": 0.024115071811973483
}