{
    "threshold": 0.129,
    "precision": 0.7360895839562647,
    "recall": 0.7162798790612246,
    "f1": 0.6139138935754846,
    "hits@1": 0.7016129032258065,
    "loss": 0.01940226232788255
}