{
    "threshold": 0.243,
    "precision": 0.7365123025932516,
    "recall": 0.6864891152085124,
    "f1": 0.5993647673073584,
    "hits@1": 0.7258064516129032,
    "loss": 0.024976021469851076
}