{
    "threshold": 0.101,
    "precision": 0.6207291487785227,
    "recall": 0.6835052010059349,
    "f1": 0.5296407090797526,
    "hits@1": 0.6451612903225806,
    "loss": 0.0212367537153337
}