{
    "threshold": 0.127,
    "precision": 0.7133342747972995,
    "recall": 0.7239086003550415,
    "f1": 0.5984740772852596,
    "hits@1": 0.7217741935483871,
    "loss": 0.022419311339255496
}