{
    "threshold": 0.093,
    "precision": 0.7056655908048707,
    "recall": 0.7322077451546906,
    "f1": 0.602963084407685,
    "hits@1": 0.6854838709677419,
    "loss": 0.023071201133566255
}