{
    "threshold": 0.038,
    "precision": 0.7429957223049373,
    "recall": 0.6996620877224599,
    "f1": 0.6089701087785729,
    "hits@1": 0.6814516129032258,
    "loss": 0.02487086589482049
}