{
    "threshold": 0.195,
    "precision": 0.7173018643305719,
    "recall": 0.7215393567921152,
    "f1": 0.5880046598864433,
    "hits@1": 0.7016129032258065,
    "loss": 0.019634869912598756
}