{
    "threshold": 0.096,
    "precision": 0.7346421160658682,
    "recall": 0.725026795488714,
    "f1": 0.6068118883363198,
    "hits@1": 0.7137096774193549,
    "loss": 0.022489133156298014
}