{
    "threshold": 0.035,
    "precision": 0.7113963807859505,
    "recall": 0.6990490843500274,
    "f1": 0.5895360538109357,
    "hits@1": 0.6975806451612904,
    "loss": 0.024371633776711258
}