{
    "threshold": 0.155,
    "precision": 0.6186725414352183,
    "recall": 0.7011388555810256,
    "f1": 0.5390092172749296,
    "hits@1": 0.6612903225806451,
    "loss": 0.023860806404649135
}