{
    "threshold": 0.217,
    "precision": 0.7640265390528156,
    "recall": 0.6805685873249432,
    "f1": 0.597927385378941,
    "hits@1": 0.6895161290322581,
    "loss": 0.023972885329212455
}