{
    "threshold": 0.243,
    "precision": 0.7219068496174055,
    "recall": 0.7289249629952969,
    "f1": 0.6103354961284609,
    "hits@1": 0.6854838709677419,
    "loss": 0.018548839353072055
}