{
    "threshold": 0.093,
    "precision": 0.7282660377215063,
    "recall": 0.713449399093188,
    "f1": 0.6116331769893322,
    "hits@1": 0.7056451612903226,
    "loss": 0.022648794445419083
}