{
    "threshold": 0.054,
    "precision": 0.7243054414980631,
    "recall": 0.6884527107435485,
    "f1": 0.5955971248494101,
    "hits@1": 0.7016129032258065,
    "loss": 0.02528372484412439
}