{
    "threshold": 0.219,
    "precision": 0.8017788164868868,
    "recall": 0.6646361357790459,
    "f1": 0.6000157918532376,
    "hits@1": 0.7203182374541004,
    "loss": 0.04864776512001853
}