{
    "threshold": 0.099,
    "precision": 0.6544731719639877,
    "recall": 0.687591596455604,
    "f1": 0.5219589513334506,
    "hits@1": 0.6612903225806451,
    "loss": 0.021607172445526852
}