{
    "threshold": 0.186,
    "precision": 0.731617083647188,
    "recall": 0.7001218467360643,
    "f1": 0.5808284708581978,
    "hits@1": 0.6895161290322581,
    "loss": 0.01997443238246197
}