{
    "threshold": 0.106,
    "precision": 0.7013864166867517,
    "recall": 0.6983549271411058,
    "f1": 0.586601445186944,
    "hits@1": 0.7056451612903226,
    "loss": 0.019671207468406945
}