{
    "threshold": 0.096,
    "precision": 0.7069460605546547,
    "recall": 0.7093344543791428,
    "f1": 0.587273375186073,
    "hits@1": 0.6854838709677419,
    "loss": 0.023729555606414616
}