{
    "threshold": 0.119,
    "precision": 0.6475319782332007,
    "recall": 0.70971731535355,
    "f1": 0.550610707773658,
    "hits@1": 0.657258064516129,
    "loss": 0.01663387766905254
}