{
    "threshold": 0.115,
    "precision": 0.4903709863872854,
    "recall": 0.7009190920100078,
    "f1": 0.4267525682475063,
    "hits@1": 0.532258064516129,
    "loss": 0.029048061736412174
}