{
    "threshold": 0.095,
    "precision": 0.6839517145694607,
    "recall": 0.6906279645573863,
    "f1": 0.5497743271996955,
    "hits@1": 0.657258064516129,
    "loss": 0.019146851938927175
}