{
    "threshold": 0.143,
    "precision": 0.7871568111417705,
    "recall": 0.6646871698528053,
    "f1": 0.588363203717113,
    "hits@1": 0.6975806451612904,
    "loss": 0.03027942408837924
}