{
    "threshold": 0.078,
    "precision": 0.7192209470664717,
    "recall": 0.704938389778261,
    "f1": 0.6023030326181563,
    "hits@1": 0.6935483870967742,
    "loss": 0.021336878767086686
}