{
    "threshold": 0.223,
    "precision": 0.7169728654756391,
    "recall": 0.6888929115471973,
    "f1": 0.5911092170264985,
    "hits@1": 0.717741935483871,
    "loss": 0.02069090592935053
}