{
    "threshold": 0.096,
    "precision": 0.5699297772385497,
    "recall": 0.6705473209969578,
    "f1": 0.481438235633891,
    "hits@1": 0.6008064516129032,
    "loss": 0.020199711525276342
}