{
    "threshold": 0.097,
    "precision": 0.7745743335581317,
    "recall": 0.6915828691581034,
    "f1": 0.6133409540002306,
    "hits@1": 0.6774193548387096,
    "loss": 0.02680868811509719
}