{
    "threshold": 0.081,
    "precision": 0.750650717711982,
    "recall": 0.7114707446786606,
    "f1": 0.601739307364528,
    "hits@1": 0.6854838709677419,
    "loss": 0.020546757362213106
}