{
    "threshold": 0.094,
    "precision": 0.5237900533421108,
    "recall": 0.6769202698723022,
    "f1": 0.44504874514678716,
    "hits@1": 0.5806451612903226,
    "loss": 0.023786308716721476
}