{
    "threshold": 0.21,
    "precision": 0.737766526323515,
    "recall": 0.719357423991887,
    "f1": 0.6159180329686772,
    "hits@1": 0.6975806451612904,
    "loss": 0.020352626673333003
}