{
    "threshold": 0.121,
    "precision": 0.6162475161124558,
    "recall": 0.6380834281583145,
    "f1": 0.48676176741815513,
    "hits@1": 0.6290322580645161,
    "loss": 0.022814120455311927
}