{
    "threshold": 0.2,
    "precision": 0.713445488478834,
    "recall": 0.6941134667954723,
    "f1": 0.5799382069154246,
    "hits@1": 0.6612903225806451,
    "loss": 0.01760827905524329
}