{
    "threshold": 0.169,
    "precision": 0.7290641047408539,
    "recall": 0.7231925527056354,
    "f1": 0.587066669077823,
    "hits@1": 0.6975806451612904,
    "loss": 0.02023637579095593
}