{
    "threshold": 0.113,
    "precision": 0.7145242530578351,
    "recall": 0.7495441323380722,
    "f1": 0.619631967975878,
    "hits@1": 0.7096774193548387,
    "loss": 0.01851479473883213
}