{
    "threshold": 0.121,
    "precision": 0.6295599946462928,
    "recall": 0.7437569302782194,
    "f1": 0.5693134139870928,
    "hits@1": 0.657258064516129,
    "loss": 0.020119446157739806
}