{
    "threshold": 0.151,
    "precision": 0.7730869686061381,
    "recall": 0.6592779808515443,
    "f1": 0.5703506046565904,
    "hits@1": 0.6774193548387096,
    "loss": 0.01999580542106505
}