{
    "threshold": 0.054,
    "precision": 0.6854403884979088,
    "recall": 0.7398717025507056,
    "f1": 0.6141171402134414,
    "hits@1": 0.6854838709677419,
    "loss": 0.021410067537293718
}