{
    "threshold": 0.117,
    "precision": 0.7302496877819082,
    "recall": 0.7217659042579536,
    "f1": 0.621665481223605,
    "hits@1": 0.6935483870967742,
    "loss": 0.023005749482986216
}