{
    "threshold": 0.038,
    "precision": 0.6979976651092702,
    "recall": 0.7450461998819521,
    "f1": 0.6080584442319774,
    "hits@1": 0.6854838709677419,
    "loss": 0.03244026596628761
}