{
    "threshold": 0.11,
    "precision": 0.7319099462160932,
    "recall": 0.7504088640964203,
    "f1": 0.6298721990823022,
    "hits@1": 0.6895161290322581,
    "loss": 0.021229275951908107
}