{
    "threshold": 0.138,
    "precision": 0.674635255089574,
    "recall": 0.7336063505686853,
    "f1": 0.5949975540208895,
    "hits@1": 0.6653225806451613,
    "loss": 0.021506203090643102
}