{
    "threshold": 0.121,
    "precision": 0.7176170548887426,
    "recall": 0.7049706861288357,
    "f1": 0.5950470847741235,
    "hits@1": 0.6854838709677419,
    "loss": 0.017842258634332336
}