{
    "threshold": 0.015,
    "precision": 0.5397410461439621,
    "recall": 0.6400868527414992,
    "f1": 0.40051899748899206,
    "hits@1": 0.5604838709677419,
    "loss": 0.024316806284317996
}