{
    "threshold": 0.073,
    "precision": 0.7240937210246373,
    "recall": 0.6836695986629067,
    "f1": 0.5680469651572984,
    "hits@1": 0.6895161290322581,
    "loss": 0.020581371896907966
}