{
    "threshold": 0.066,
    "precision": 0.6276068726927607,
    "recall": 0.6848636007072002,
    "f1": 0.5300117282324868,
    "hits@1": 0.6330645161290323,
    "loss": 0.020030234255967908
}