{
    "threshold": 0.086,
    "precision": 0.6765434151395769,
    "recall": 0.7567874742479561,
    "f1": 0.6147127233118758,
    "hits@1": 0.6935483870967742,
    "loss": 0.02393715239336662
}