{
    "threshold": 0.038,
    "precision": 0.658195154187701,
    "recall": 0.7625529157559242,
    "f1": 0.5917715033169406,
    "hits@1": 0.6935483870967742,
    "loss": 0.019763870721355555
}