{
    "threshold": 0.209,
    "precision": 0.6975024983800309,
    "recall": 0.7523343160350785,
    "f1": 0.6094385928035141,
    "hits@1": 0.6814516129032258,
    "loss": 0.018530166684592456
}