{
    "threshold": 0.272,
    "precision": 0.7535451828766163,
    "recall": 0.7035249490020744,
    "f1": 0.604956766428882,
    "hits@1": 0.6895161290322581,
    "loss": 0.022770691456549887
}