{
    "threshold": 0.027,
    "precision": 0.594760483743473,
    "recall": 0.7055763680158628,
    "f1": 0.5174413712207061,
    "hits@1": 0.6411290322580645,
    "loss": 0.022622323672091396
}