{
    "threshold": 0.134,
    "precision": 0.65562990759078,
    "recall": 0.6071766417147534,
    "f1": 0.47644043491468513,
    "hits@1": 0.5725806451612904,
    "loss": 0.021143563764641625
}