{
    "threshold": 0.223,
    "precision": 0.7010554276945202,
    "recall": 0.7029843590398603,
    "f1": 0.5770361804151196,
    "hits@1": 0.6854838709677419,
    "loss": 0.018831498124553377
}