{
    "threshold": 0.08,
    "precision": 0.7047110156769939,
    "recall": 0.6779449362849397,
    "f1": 0.5614869295020821,
    "hits@1": 0.6411290322580645,
    "loss": 0.020112363624999824
}