{
    "threshold": 0.22,
    "precision": 0.6471535644397209,
    "recall": 0.7224107672399043,
    "f1": 0.5572547246411879,
    "hits@1": 0.6290322580645161,
    "loss": 0.01700068223043801
}