{
    "threshold": 0.207,
    "precision": 0.77918387598097,
    "recall": 0.7301570374325662,
    "f1": 0.6293833045605657,
    "hits@1": 0.6935483870967742,
    "loss": 0.020598040836029716
}