{
    "threshold": 0.074,
    "precision": 0.6047099136374278,
    "recall": 0.6749569004653974,
    "f1": 0.5200297928319986,
    "hits@1": 0.625,
    "loss": 0.019431834943642375
}