{
    "threshold": 0.349,
    "precision": 0.7269282529458528,
    "recall": 0.7275789014025219,
    "f1": 0.6136771717247532,
    "hits@1": 0.7056451612903226,
    "loss": 0.023111793743261735
}