{
    "threshold": 0.27,
    "precision": 0.7582805041614001,
    "recall": 0.7278385865887297,
    "f1": 0.6394156201549107,
    "hits@1": 0.7217741935483871,
    "loss": 0.02155450360026826
}