{
    "threshold": 0.083,
    "precision": 0.7091532155339096,
    "recall": 0.7191713167140499,
    "f1": 0.6101648285106647,
    "hits@1": 0.7096774193548387,
    "loss": 0.022815080120265688
}