{
    "threshold": 0.258,
    "precision": 0.670779943014338,
    "recall": 0.7640203858769691,
    "f1": 0.6138614295695197,
    "hits@1": 0.6975806451612904,
    "loss": 0.034299177446202804
}