{
    "threshold": 0.07,
    "precision": 0.714058574008483,
    "recall": 0.7488875198497925,
    "f1": 0.6317695381123981,
    "hits@1": 0.6935483870967742,
    "loss": 0.021736488134070316
}