{
    "threshold": 0.13,
    "precision": 0.634894642084024,
    "recall": 0.7573676380560483,
    "f1": 0.5790147766656709,
    "hits@1": 0.6612903225806451,
    "loss": 0.02323831028254226
}