{
    "threshold": 0.027,
    "precision": 0.704188758688561,
    "recall": 0.7389978699599801,
    "f1": 0.6100148609432816,
    "hits@1": 0.6935483870967742,
    "loss": 0.04294673626848261
}