{
    "threshold": 0.043,
    "precision": 0.5303129418084223,
    "recall": 0.662835878273069,
    "f1": 0.42977607546530744,
    "hits@1": 0.5725806451612904,
    "loss": 0.025271818095607013
}