{
    "threshold": 0.27,
    "precision": 0.7098049758802748,
    "recall": 0.777152000787156,
    "f1": 0.6451462601766118,
    "hits@1": 0.7288861689106487,
    "loss": 0.040682021430652845
}