{
    "threshold": 0.055,
    "precision": 0.6622751275939264,
    "recall": 0.7240422921030949,
    "f1": 0.5857737271651711,
    "hits@1": 0.6814516129032258,
    "loss": 0.020114566819917867
}