{
    "threshold": 0.131,
    "precision": 0.7623666799607837,
    "recall": 0.697633454985325,
    "f1": 0.6303248705559026,
    "hits@1": 0.7096774193548387,
    "loss": 0.029741562194365547
}