{
    "threshold": 0.101,
    "precision": 0.755396264991525,
    "recall": 0.7128772526195009,
    "f1": 0.6130847467275967,
    "hits@1": 0.6975806451612904,
    "loss": 0.021580693381271897
}