{
    "threshold": 0.289,
    "precision": 0.7656773883845649,
    "recall": 0.7208365342918464,
    "f1": 0.6337570153292834,
    "hits@1": 0.7056451612903226,
    "loss": 0.02097878186398617
}