{
    "threshold": 0.11,
    "precision": 0.7543578864539565,
    "recall": 0.7369176353165956,
    "f1": 0.6373769251983674,
    "hits@1": 0.7056451612903226,
    "loss": 0.029003575537230247
}