{
    "threshold": 0.089,
    "precision": 0.7450502675519303,
    "recall": 0.7088949065934523,
    "f1": 0.6131168092219089,
    "hits@1": 0.6814516129032258,
    "loss": 0.0222816947600734
}