{
    "threshold": 0.114,
    "precision": 0.6960458227425435,
    "recall": 0.6745909510788506,
    "f1": 0.5630805635870288,
    "hits@1": 0.6653225806451613,
    "loss": 0.020042387637442715
}