{
    "threshold": 0.19,
    "precision": 0.7187438635567657,
    "recall": 0.694520088471201,
    "f1": 0.5755839419312943,
    "hits@1": 0.6653225806451613,
    "loss": 0.021196558306133158
}